Year,Code,Name,Cluster,PublicCode,Species,Journal,Head,Position,UnderGrad,GradStu,Timing,Level,Quatile,ImpactFactor,ISI,Scopus,Department,Age,Month
2022.0,436.0,"Anthelmintic resistance status of goat gastrointestinal nematodes in Sing Buri Province, Thailand",2.0,2022.436,Goat,Veterinary World,Suporn Thongyuan,CorrespondingAuthor,0.0,0.0,2022-01-15,International,2.0,2.11,No,Yes,ภาควิชาสัตวแพทยสาธารณสุขศาสตร์,49,January
2022.0,437.0,Anti-cancer potentials of Gynura procumbens leaves extract against two canine mammary cancer cell lines,3.0,2022.437,Canine (Cell line),Veterinary Medicine and Science,Usuma Jermnak,FirstAuthor&CorrespondingAuthor,0.0,0.0,2022-01-15,International,2.0,1.95,Yes,No,ภาควิชาเภสัชวิทยา,46,January
2022.0,438.0,Buccal mucosal graft urethroplasty in male cats with traumatic complete urethral rupture,5.0,2022.438,Cat,Journal of the American Veterinary Medical Association,Wanchart Yippaditr,FirstAuthor&CorrespondingAuthor,0.0,0.0,2022-01-15,International,1.0,0.787,Yes,Yes,โรงพยาบาลสัตว์ มก. หัวหิน,47,January
2022.0,439.0,Detection of antibodies against three zoonotic Bartonella spp. and cross-reactivity among species and Coxiella burnetii in dogs and cats from Central Thailand,2.0,2022.439,"Dog, Cat","Comparative Immunology, Microbiology and Infectious Diseases",Tawin Inpankaew,CorrespondingAuthor,1.0,0.0,2022-02-15,International,1.0,2.268,No,Yes,ภาควิชาปรสิตวิทยา,47,February
,,xxxx,,,,xxxx,xxxx,,,,,,,,,,,,
2023.0,551.0,Post-larvae movement network of marine shrimp during the 2013 outbreak of acute hepatopancreatic necrosis disease in Thailand,2.0,2023.551,Shrimp,Preventive Veterinary Medicine,Chaithep Poolkhet,CorrespondingAuthor,0.0,0.0,2023-01-23,International,1.0,2.67,No,Yes,ภาควิชาสัตวแพทยสาธารณสุขศาสตร์,51,January
2023.0,552.0,Molecular detection of Loxodontofilaria spp. in Asian elephants (Elephas maximus) from elephant training camps in Thailand,2.0,2023.552,Elephant,"Comparative Immunology, Microbiology and Infectious Diseases",Tawin Inpankaew,CorrespondingAuthor,0.0,0.0,2023-01-05,International,1.0,2.268,No,Yes,ภาควิชาปรสิตวิทยา,47,January
2023.0,556.0,"The impact of farm practices and wild carriers on white spot disease in marine shrimp in Rayong Province, Thailand",2.0,2023.556,Shrimp,Veterinary World,Chaithep Poolkhet,CorrespondingAuthor,0.0,0.0,2023-01-16,International,2.0,2.11,No,Yes,ภาควิชาสัตวแพทยสาธารณสุขศาสตร์,51,January
2023.0,557.0,Biological effects related to exposure to polychlorinated biphenyl (PCB) and decabromodiphenyl ether (BDE-209) on cats,5.0,2023.557,Cat,PloS One,Kraisiri Khidkhan,FirstAuthor,0.0,0.0,2023-01-20,International,1.0,3.24,Yes,Yes,ภาควิชาเภสัชวิทยา,38,January
2023.0,559.0,Storage Fungi and Mycotoxins Associated with Rice Samples Commercialized in Thailand,2.0,2023.559,Mycotoxin,Foods,Saranya Poapolathep,CoAuthor,0.0,0.0,2023-01-20,International,1.0,4.35,Yes,Yes,ภาควิชาเภสัชวิทยา,48,January
2023.0,562.0,Serological Detection of Toxoplasma gondii among Free-Grazing Ducks from Central and Western Thailand — A One Health Perspective on Integrated Farming,2.0,2023.562,Duck,Tropical Medicine and Infectious Disease,Tawin Inpankaew,CorrespondingAuthor,0.0,1.0,2023-02-06,International,1.0,3.11,Yes,Yes,ภาควิชาปรสิตวิทยา,47,February
2023.0,563.0,Piperine as potential therapy of post-weaning porcine diarrheas: an in vitroย study using a porcine duodenal enteroid model,2.0,2023.563,Swine,BMC Veterinary Research,Nattaphong Akrimajirachoote,CoAuthor,0.0,0.0,2023-01-09,International,1.0,2.741,Yes,Yes,ภาควิชาสรีรวิทยา,44,January
2023.0,565.0,Oxidative response to Cd and Pb accumulation in coastal fishes of Pattani Bay,2.0,2023.565,Fish,Italian Journal of Animal Science,Phanwimol Tanhan,FirstAuthor,0.0,0.0,2023-01-04,International,2.0,2.552,Yes,Yes,ภาควิชาเภสัชวิทยา,46,January
2023.0,567.0,"Molecular Detection and Genetic Characterization of Zoonotic Hookworm in Semi-Domesticated Cats Residing in Monasteries in Bangkok, Thailand",2.0,2023.567,Cat,Tropical Medicine and Infectious Disease,Tawin Inpankaew,CorrespondingAuthor,0.0,0.0,2023-02-14,International,1.0,3.11,Yes,Yes,ภาควิชาปรสิตวิทยา,47,February
2023.0,569.0,An exploratory study on the perceptions of rabies and ill-health causations and health seeking behaviours of school children and local communities in southern Bhutan,2.0,2023.569,Rabies,BMC Public Health,Waraphon Phimpraphai,CoAuthor,0.0,0.0,2023-02-07,International,1.0,4.545,Yes,Yes,ภาควิชาสัตวแพทยสาธารณสุขศาสตร์,50,February
2023.0,571.0,Development of a lateral flow dipstick test for the detection of 4 strains of Salmonella spp. in animal products and animal production environmental samples based on loop-mediated isothermal amplification,2.0,2023.571,Meat,Animal Bioscience,Chalermkiat Saengthongpinit,CorrespondingAuthor,0.0,0.0,2023-04-05,International,1.0,2.509,Yes,Yes,ภาควิชาสัตวแพทยสาธารณสุขศาสตร์,52,April
2023.0,572.0,Concurrent infections of Streptococcus iniae and Aeromonas veronii in farmed Giant snakehead (Channa micropeltes),2.0,2023.572,Fish,Journal of Fish Diseases,Win Surachetpong,CorrespondingAuthor,0.0,0.0,2023-03-03,International,1.0,2.63,Yes,Yes,ภาควิชาจุลชีววิทยาและวิทยาฯ,48,March
2023.0,573.0,"Companion Vector-Borne Pathogens and Associated Risk Factors in Apparently Healthy Pet Animals (Dogs and Cats) in Khukhot City Municipality, Pathum Thani Province, Thailand",2.0,2023.573,Dog,Pathogens,Tawin Inpankaew,CorrespondingAuthor,0.0,0.0,2023-02-24,International,2.0,3.405,Yes,Yes,ภาควิชาปรสิตวิทยา,47,February
2023.0,574.0,Tilapia lake virus (TiLV) causes severe anaemia and systemic disease in tilapia,2.0,2023.574,Fish,Journal of Fish Diseases,Win Surachetpong,CorrespondingAuthor,1.0,0.0,2023-02-27,International,1.0,2.63,Yes,Yes,ภาควิชาจุลชีววิทยาและวิทยาฯ,48,February
2023.0,575.0,Review of alternatives to antibiotic use in aquaculture,3.0,2023.575,Fish,Reviews in aquaculture,Win Surachetpong,CoAuthor,0.0,0.0,2023-02-24,International,1.0,10.618,Yes,Yes,ภาควิชาจุลชีววิทยาและวิทยาฯ,48,February
2023.0,576.0,"Sample preparation and mass spectrometry for determining mycotoxins, hazardous fungi, and their metabolites in the environment, food, and healthcare",2.0,2023.576,Mycotoxin,TrAC Trends in Analytical Chemistry,Saranya Poapolathep,CoAuthor,0.0,0.0,2023-03-23,International,1.0,14.908,Yes,Yes,ภาควิชาเภสัชวิทยา,48,March
2023.0,578.0,"Spatial, Temporal, and Geographical Factors Associated with Stranded Marine Endangered Species in Thailand during 2006–2015",2.0,2023.578,Marine,Biology,Chaithep Poolkhet,CorrespondingAuthor,1.0,0.0,2023-03-14,International,1.0,5.168,Yes,Yes,ภาควิชาสัตวแพทยสาธารณสุขศาสตร์,51,March
2023.0,579.0,Comparative Efficacy of Chimeric Porcine Circovirus (PCV) Vaccines against Experimental Heterologous PCV2d Challenges,2.0,2023.579,Swine,Veterinary Sciences,Manakorn Sukmak,CoAuthor,0.0,0.0,2023-01-19,International,1.0,2.304,Yes,Yes,ภาควิชาเวชศาสตร์และทรัพยากรการผลิตสัตว์,42,January
2023.0,580.0,How susceptible are rainbow trout and brown trout to infection with tilapia lake virus at increased water temperature – Is there any potential for climate change driven host jump?,2.0,2023.58,Fish,Aquaculture,Win Surachetpong,CoAuthor,0.0,0.0,2023-06-30,International,1.0,4.242,Yes,Yes,ภาควิชาจุลชีววิทยาและวิทยาฯ,48,June
2023.0,581.0,"Streptococcus agalactiae Serotype VII, an Emerging Pathogen Affecting Snakeskin Gourami (Trichogaster pectoralis) in Intensive Farming",2.0,2023.581,Fish,Transboundary and Emerging Diseases,Win Surachetpong,CorrespondingAuthor,0.0,0.0,2023-03-24,International,1.0,5.005,Yes,No,ภาควิชาจุลชีววิทยาและวิทยาฯ,48,March
2023.0,582.0,Effect of claw blocks on the healing duration and lesion severities of claw lesions in lame cows in Western Thailand,5.0,2023.582,Bovine,Veterinary World,Anawat Sangmalee,CorrespondingAuthor,0.0,0.0,2023-02-11,International,2.0,2.11,No,Yes,ภาควิชาเวชศาสตร์คลินิกสัตว์ใหญ่และสัตว์ป่า,45,February
2023.0,583.0,Molecularly Imprinted Nanoparticle Ensembles for Rapidly Identifying S. epidermidis,2.0,2023.583,TestKit,Sensors,Jatuporn Rattanasrisomporn,CorrespondingAuthor,0.0,0.0,2023-03-28,International,1.0,3.847,Yes,Yes,ภาควิชาเวชศาสตร์คลินิกสัตว์เลี้ยง,52,March
2023.0,584.0,The Modulation of Immune Responses in Tilapinevirus tilapiae-Infected Fish Cells through MAPK/ERK Signalling,2.0,2023.584,Fish,Viruses,Win Surachetpong,CorrespondingAuthor,0.0,0.0,2023-03-31,International,1.0,5.048,Yes,Yes,ภาควิชาจุลชีววิทยาและวิทยาฯ,48,March
2023.0,585.0,"Molecular Identification of Culicoides Species and Host Preference Blood Meal in the African Horse Sickness Outbreak-Affected Area in Hua Hin District, Prachuap Khiri Khan Province, Thailand",2.0,2023.585,Insect,Insects,Burin Nimsuphan,CorrespondingAuthor,0.0,0.0,2023-04-08,International,1.0,2.769,Yes,Yes,ภาควิชาปรสิตวิทยา,54,April
2023.0,586.0,"Phenotypic and Genotypic Characterization and Antifungal Susceptibility of Sporothrix Schenckii Sensu Stricto Isolated from a Feline Sporotrichosis Outbreak in Bangkok, Thailand",5.0,2023.586,Cat,Journal of Fungi,Chompooneg Yurayart,CorrespondingAuthor,0.0,0.0,2023-05-18,International,1.0,5.816,Yes,Yes,ภาควิชาจุลชีววิทยาและวิทยาฯ,43,May
2023.0,587.0,Histopathology and virulence of an in vitro-adapted Trypanosoma evansi TEDC 953 strain (Thailand isolate) in mice,2.0,2023.587,Parasite,Veterinary World,Ketsarin Kamyingkird,CorrespondingAuthor,0.0,0.0,2023-05-13,International,2.0,2.11,No,Yes,ภาควิชาปรสิตวิทยา,42,May
2023.0,588.0,"Surveillance of antimicrobial resistance, phenotypic, and genotypic patterns of Salmonella enterica isolated from animal feedstuffs: Annual study",2.0,2023.588,Bacteria,Veterinary World,Phitsanu Tulayakul,CorrespondingAuthor,0.0,0.0,2023-05-07,International,2.0,2.11,No,Yes,ภาควิชาสัตวแพทยสาธารณสุขศาสตร์,50,May
2023.0,589.0,Prediction of the spread of African swine fever through pig and carcass movements in Thailand using a network analysis and diffusion model,2.0,2023.589,Swine,PeerJ,Chaithep Poolkhet,FirstAuthor&CorrespondingAuthor,0.0,0.0,2023-03-09,International,1.0,2.98,Yes,Yes,ภาควิชาสัตวแพทยสาธารณสุขศาสตร์,51,March
2023.0,590.0,First study on in vitro antiviral and virucidal effects of flavonoids against feline infectious peritonitis virus at the early stage of infection,3.0,2023.59,Cat,Veterinary World,Sirin Theerawatanasirikul,CorrespondingAuthor,0.0,0.0,2023-03-26,International,2.0,2.11,No,Yes,ภาควิชากายวิภาคศาสตร์,43,March
2023.0,591.0,Heartworm adulticide treatment: a tropical perspective,2.0,2023.591,Prasite,Parasites and Vectors,Tawin Inpankaew,CoAuthor,0.0,0.0,2023-04-28,International,1.0,3.876,Yes,Yes,ภาควิชาปรสิตวิทยา,47,April
2023.0,592.0,The first study on clinicopathological changes in cats with feline infectious peritonitis with and without retrovirus coinfection,5.0,2023.592,Cat,Veterinary World,Jatuporn Rattanasrisomporn,CorrespondingAuthor,0.0,1.0,2023-04-20,International,2.0,2.11,No,Yes,ภาควิชาเวชศาสตร์คลินิกสัตว์เลี้ยง,52,April
2023.0,593.0,Cell-penetrating porcine single-chain antibodies (transbodies) against nonstructural protein 1ฮฒ (NSP1ฮฒ) of porcine reproductive and respiratory syndrome virus inhibit virus replication,2.0,2023.593,Swine,Archives of Virology,Sirin Theerawatanasirikul,CoAuthor,0.0,0.0,2023-04-07,International,2.0,2.261,Yes,Yes,ภาควิชากายวิภาคศาสตร์,43,April
2023.0,594.0,"Study of trace elements in stranded green turtles (Chelonia mydas), hawksbill turtles (Eretmochelys imbricata), and olive ridley turtles (Lepidochelys olivacea) in Gulf of Thailand and Andaman Sea",2.0,2023.594,Turtle,The Journal of Veterinary Medical Science,Theerapol Sirinarumitr,CorrespondingAuthor,0.0,1.0,2023-03-04,International,4.0,1.23,Yes,No,ภาควิชาพยาธิวิทยา,63,March
2023.0,595.0,Intranasal dexmedetomidine with morphine or tramadol: A comparative study of effects on alfaxalone requirements for anesthesia in cats,5.0,2023.595,Cat,Veterinary World,Naris Thengchaisri,CorrespondingAuthor,0.0,1.0,2023-05-08,International,2.0,2.11,No,Yes,ภาควิชาเวชศาสตร์คลินิกสัตว์เลี้ยง,52,May
2023.0,596.0,Evaluation of Overshunting between Low and Medium Pressure Ventriculoperitoneal Shunts in Dogs with Severe Hydrocephalus Using Frameless Stereotactic Ventricular Shunt Placement,5.0,2023.596,Dog,Animals,Nirut Suwanna,CorrespondingAuthor,0.0,0.0,2023-06-01,International,1.0,2.752,Yes,Yes,ภาควิชาเวชศาสตร์คลินิกสัตว์เลี้ยง,50,June
2023.0,597.0,Characterization and Homology Modeling of Catalytically Active Recombinant PhaCAp Protein from Arthrospira platensis,2.0,2023.597,Bacteria,Biology,Nattaphong Akrimajirachoote,CoAuthor,0.0,0.0,2023-05-17,International,1.0,5.168,Yes,Yes,ภาควิชาสรีรวิทยา,44,May
2023.0,598.0,Effects on hematology and blood biochemistry profile of intramuscular meloxicam injection in Brahminy kite and Barn owl,2.0,2023.598,Raptor,Journal of Veterinary Science,Chaiyan Kasorndorkbua,CorrespondingAuthor,0.0,0.0,2023-04-19,International,2.0,1.672,Yes,Yes,ภาควิชาพยาธิวิทยา,56,April
2023.0,599.0,Antimicrobial consumption in food-producing animals in Thailand between 2017 and 2019: The analysis of national importation and production data,2.0,2023.599,Bacteria,PLoS ONE,Natthasit Tansakul,CoAuthor,0.0,0.0,2023-03-07,International,1.0,3.24,Yes,Yes,ภาควิชาเภสัชวิทยา,51,March
2023.0,600.0,A specific and sensitive droplet digital polymerase chain reaction assay for the detection of tilapia lake virus in fish tissue and environmental samples,2.0,2023.6,Fish,Journal of Fish Diseases,Win Surachetpong,CorrespondingAuthor,0.0,1.0,2023-06-09,International,1.0,2.63,Yes,Yes,ภาควิชาจุลชีววิทยาและวิทยาฯ,48,June
2023.0,601.0,"Pharmacokinetics of robenacoxib following single intravenous, subcutaneous and oral administrations in Baladi goats (Capra hircus)",5.0,2023.601,Goat,Journal of Veterinary Pharmacology and Therapeutics,Amnart Poapolathep,CoAuthor,0.0,0.0,2023-05-28,International,2.0,1.786,Yes,Yes,ภาควิชาเภสัชวิทยา,54,May
2023.0,602.0,Ecological niche affects mitochondrial DNA diversity and variation in near-threatened Himalayan vulture (Gyps himalayensis),2.0,2023.602,Raptor,Biodiversitas,Chaiyan Kasorndorkbua,CorrespondingAuthor,0.0,1.0,2023-06-29,International,3.0,1.05,No,Yes,ภาควิชาพยาธิวิทยา,56,June
2023.0,603.0,Porcine Sapovirus in Northern Vietnam: Genetic Detection and Characterization Reveals Co-Circulation of Multiple Genotypes,2.0,2023.603,Swine,Veterinary Sciences,Jatuporn Rattanasrisomporn,CorrespondingAuthor,0.0,1.0,2023-06-29,International,1.0,2.304,Yes,Yes,ภาควิชาเวชศาสตร์คลินิกสัตว์เลี้ยง,52,June
2023.0,604.0,RNA-Seq Reveals Differential Gene Expression Patterns Related to Reproduction in the Golden Mahseer,2.0,2023.604,Fish,Fishes,Win Surachetpong,CorrespondingAuthor,0.0,0.0,2023-07-01,International,2.0,2.3,Yes,Yes,ภาควิชาจุลชีววิทยาและวิทยาฯ,48,July
2023.0,605.0,PKD1 gene mutation and ultrasonographic characterization in cats with renal cysts,5.0,2023.605,Cat,F1000Research,Soontaree Petchdee,CorrespondingAuthor,0.0,1.0,2023-06-28,International,1.0,0.939,No,Yes,ภาควิชาเวชศาสตร์คลินิกสัตว์ใหญ่และสัตว์ป่า,51,June
2023.0,606.0,"Prevalence and risk factors of brucellosis and dairy farmers’ KAP in 2 townships, Myanmar",2.0,2023.606,Bovine,Veterinary Integrative Sciences,Waraphon Phimpraphai,CorrespondingAuthor,0.0,0.0,2023-03-03,International,4.0,0.0,No,Yes,ภาควิชาสัตวแพทยสาธารณสุขศาสตร์,50,March
2023.0,607.0,The Application of the Gibson Assembly Method in the Production of Two pKLS3 Vector-Derived Infectious Clones of Foot-and-Mouth Disease Virus,2.0,2023.607,Bovine,Vaccines,Porntippa Lekcharoensuk,CorrespondingAuthor,0.0,0.0,2023-06-15,International,1.0,1.585,Yes,Yes,ภาควิชาจุลชีววิทยาและวิทยาฯ,61,June
2023.0,608.0,"Seasonal abundance of Culicoides imicola and Culicoides oxystoma in Prachuap Khiri Khan province, Thailand",2.0,2023.608,Parasite,Agriculture and Natural Resources,Jumnongjit Phasuk,FirstAuthor&CorrespondingAuthor,0.0,0.0,2023-05-25,International,2.0,1.163,Yes,Yes,ภาควิชาปรสิตวิทยา,50,May
2023.0,609.0,Effect of the oil from the fatty tissues of Crocodylus siamensis on gut microbiome diversity and metabolism in mice,3.0,2023.609,Crocodyle,Plos One,Phitsanu Tulayakul,CoAuthor,0.0,1.0,2023-07-10,International,1.0,3.24,Yes,Yes,ภาควิชาสัตวแพทยสาธารณสุขศาสตร์,50,July
2023.0,610.0,Assessment of Tilapia (Oreochromis spp.) Welfare in the Semi-intensive and Intensive Culture Systems in Thailand,2.0,2023.61,Fish,Animals,Win Surachetpong,CorrespondingAuthor,0.0,0.0,2023-07-31,International,1.0,2.752,Yes,Yes,ภาควิชาจุลชีววิทยาและวิทยาฯ,48,July
2023.0,611.0,Long-term monitoring of immune response to recombinant lumpy skin disease virus in dairy cattle from small-household farms in western Thailand,2.0,2023.611,Bovine,"Comparative Immunology, Microbiology and Infectious Diseases",Pipat Arunvipas,CorrespondingAuthor,0.0,1.0,2023-06-19,International,1.0,2.268,No,Yes,ภาควิชาเวชศาสตร์คลินิกสัตว์ใหญ่และสัตว์ป่า,59,June
2023.0,612.0,Ultrasonographic kidney length-to-abdominal aortic diameter for the diagnosis of feline chronic kidney disease: A preliminary study,5.0,2023.612,Cat,Veterinary World,Naparee Srisowanna,CoAuthor,0.0,0.0,2023-04-27,International,2.0,2.11,No,Yes,ภาควิชากายวิภาคศาสตร์,,April
2023.0,613.0,The influence of subclinical mastitis on the protein composition and protease activities of raw milk from lactating Thai-crossbred dairy cows,2.0,2023.613,Bovine,Veterinary World,Pipat Arunvipas,CoAuthor,0.0,0.0,2023-05-24,International,2.0,2.11,No,Yes,ภาควิชาเวชศาสตร์คลินิกสัตว์ใหญ่และสัตว์ป่า,59,May
2023.0,614.0,Predictive Factors for Two-Year Survival in Dogs with Hepatobiliary Diseases: Importance of Clinical and Laboratory Monitoring,5.0,2023.614,Dog,Animals,Naris Thengchaisri,CorrespondingAuthor,0.0,0.0,2023-08-20,International,1.0,2.752,Yes,Yes,ภาควิชาเวชศาสตร์คลินิกสัตว์เลี้ยง,52,August
2023.0,615.0,Effects of crocodile (Crocodylus siamensis) oil and palm oil on leptin activated signal transducer and activator of transcription 3 signaling pathway and hepatic fat accumulation in rats,3.0,2023.615,Crocodyle,Agriculture and Natural Resources,Phitsanu Tulayakul,CorrespondingAuthor,0.0,1.0,2023-06-20,International,2.0,1.163,Yes,Yes,ภาควิชาสัตวแพทยสาธารณสุขศาสตร์,50,June
2023.0,616.0,Insect-based diets (house crickets and mulberry silkworm pupae): A comparison of their effects on canine gut microbiota,2.0,2023.616,Dog,Veterinary World,Attawit Kovitvadhi,CorrespondingAuthor,0.0,1.0,2023-08-17,International,2.0,2.11,No,Yes,ภาควิชาสรีรวิทยา,37,August
2023.0,617.0,Surgical treatment of intra-abdominal vaginal cyst severely adhered to associated organs in a dog,5.0,2023.617,Dog,Thai Journal of Veterinary Medicine,Nithida Boonwittaya,FirstAuthor&CorrespondingAuthor,0.0,0.0,2023-04-27,International,4.0,0.28,Yes,Yes,โรงพยาบาลสัตว์ มก. บางเขน,39,April
2023.0,618.0,Serum and Fecal 3-Bromotyrosine Concentrations in Dogs with Chronic Inflammatory Enteropathy: Clinical Parameters and Histopathological Changes,5.0,2023.618,Dog,Animals,Panpicha Sattasathuchana,FirstAuthor&CorrespondingAuthor,0.0,0.0,2023-09-03,International,1.0,2.752,Yes,Yes,ภาควิชาเวชศาสตร์คลินิกสัตว์เลี้ยง,43,September
2023.0,619.0,Phacoemulsification in a chinchilla (Chinchilla lanigera),5.0,2023.619,Exotic,Open Veterinary Journal,Taksaon Duangurai,CorrespondingAuthor,0.0,0.0,2023-07-16,International,2.0,1.46,Yes,Yes,ภาควิชาเวชศาสตร์คลินิกสัตว์เลี้ยง,43,July
2023.0,620.0,From the heart of the animal feed industry: a Southeast Asian perspective on insects for feed in Asia,2.0,2023.62,Insect,Animal Frontiers,Attawit Kovitvadhi,CoAuthor,0.0,0.0,2023-08-14,International,1.0,5.304,Yes,Yes,ภาควิชาสรีรวิทยา,37,August
2023.0,621.0,The Successful Medical Treatment of Localized Tetanus in a Cat,5.0,2023.621,Cat,International Journal of Veterinary Science,Soontaree Petchdee,CorrespondingAuthor,0.0,0.0,2023-08-15,International,3.0,0.277,No,Yes,ภาควิชาเวชศาสตร์คลินิกสัตว์ใหญ่และสัตว์ป่า,51,August
2023.0,622.0,Tick-borne Pathogen Detection and Its Association with Alterations in Packed Cell Volume of Dairy Cattle in Thailand,2.0,2023.622,Bovine,Animals,Tawin Inpankaew,CorrespondingAuthor,0.0,0.0,2023-09-04,International,1.0,2.752,Yes,Yes,ภาควิชาปรสิตวิทยา,47,September
2023.0,623.0,Hydrogel-based 3D human iPSC-derived neuronal culture for the study of rabies virus infection,2.0,2023.623,Cell,Frontiers in Cellular and Infection Microbiology,Porntippa Lekcharoensuk,CoAuthor,0.0,1.0,2023-08-08,International,1.0,5.7,Yes,Yes,ภาควิชาจุลชีววิทยาและวิทยาฯ,61,August
2023.0,624.0,A retrospective study of structural brain lesions identified by magnetic resonance imaging in 114 cats with neurological signs,5.0,2023.624,Cat,Veterinary World,Panpicha Sattasathuchana,CorrespondingAuthor,0.0,0.0,2023-08-21,International,2.0,2.11,No,Yes,ภาควิชาเวชศาสตร์คลินิกสัตว์เลี้ยง,43,August
2023.0,625.0,Antiviral mechanisms of sorafenib against foot-and-mouth disease virus via c-RAF and AKT/PI3K pathways,2.0,2023.625,Cell,Veterinary Research Communications,Sirin Theerawatanasirikul,FirstAuthor,0.0,0.0,2023-11-11,International,1.0,2.3,Yes,Yes,ภาควิชากายวิภาคศาสตร์,43,November
2023.0,626.0,"Effect of Exercise in a Vector-protected Arena for Preventing African Horse Sickness Transmission on Physiological, Biochemical, and Behavioural Variables of Horses",5.0,2023.626,Horse,Journal of Equine Veterinary Science,Metha Chanda,CorrespondingAuthor,0.0,0.0,2023-11-23,International,3.0,1.368,Yes,Yes,ภาควิชาเวชศาสตร์คลินิกสัตว์ใหญ่และสัตว์ป่า,47,November
2023.0,627.0,Bacterial DNA and osteoarthritis in dogs with patellar luxation and cranial cruciate ligament rupture,5.0,2023.627,Dog,Veterinary World,Naris Thengchaisri,CorrespondingAuthor,0.0,0.0,2023-10-07,International,2.0,2.11,No,Yes,ภาควิชาเวชศาสตร์คลินิกสัตว์เลี้ยง,52,October
1899.0,,,,1899.0,,,,,,,,,,,,,,,
2023.0,628.0,Small Molecules Targeting 3C Protease Inhibit FMDV Replication and Exhibit Virucidal Effect in Cell-Based Assays,2.0,2023.628,Cell,Viruses,Sirin Theerawatanasirikul,FirstAuthor&CorrespondingAuthor,0.0,0.0,2023-09-06,International,1.0,5.048,Yes,Yes,ภาควิชากายวิภาคศาสตร์,43,September
2023.0,629.0,Tilapia lake virus causes mitochondrial damage: a proposed mechanism that leads to extensive death in fish cells,2.0,2023.629,Fish,PeerJ,Win Surachetpong,CorrespondingAuthor,0.0,0.0,2023-10-05,International,1.0,2.98,Yes,Yes,ภาควิชาจุลชีววิทยาและวิทยาฯ,48,October
2023.0,630.0,"Characteristics of canine oral tumors: Insights into prevalence, types, and lesion distribution",5.0,2023.63,Dog,Journal of Advanced Veterinary and Animal Research,Chakkarin Satthathum,FirstAuthor,0.0,0.0,2023-09-30,International,3.0,1.35,Yes,Yes,โรงพยาบาลสัตว์ มก. บางเขน,44,September
2023.0,631.0,Elution profiles of metronidazole from calcium sulfate beads,2.0,2023.631,Lab,Journal of Veterinary Science,Pareeya Udomkusonsri,CorrespondingAuthor,0.0,0.0,2023-09-18,International,2.0,1.672,Yes,Yes,ภาควิชาเภสัชวิทยา,57,September
2023.0,632.0,Exploration of the novel fluoroquinolones with high inhibitory effect against quinolone-resistant DNA gyrase of Salmonella Typhimurium,2.0,2023.632,Bacteria,Microbiology Spectrum,Siriporn Kongsoi,CoAuthor,0.0,0.0,2023-10-05,International,1.0,9.043,Yes,Yes,ภาควิชาสัตวแพทยสาธารณสุขศาสตร์,47,October
2023.0,633.0,Serum Bile Acids Concentrations and Liver Enzyme Activities after Low-Dose Trilostane in Dogs with Hyperadrenocorticism,5.0,2023.633,Dog,Animals,Sathidpak Assawarachan,CorrespondingAuthor,0.0,0.0,2023-10-18,International,1.0,2.752,Yes,Yes,ภาควิชาเวชศาสตร์คลินิกสัตว์เลี้ยง,42,October
2023.0,634.0,Non-targeted proteomic analysis of Asian elephant (Elephas maximus) seminal plasma using an in-solution digestion technique and liquid chromatography tandem-mass spectrometry,2.0,2023.634,Elephant,Frontiers in Veterinary Science,Podjana Wattananit,FirstAuthor&CorrespondingAuthor,0.0,0.0,2023-10-19,International,1.0,3.12,No,Yes,ภาควิชากายวิภาคศาสตร์,Retire,October
2023.0,635.0,From Protected Habitat to Agricultural Land: Dogs and Small Mammals Link Habitats in Northern Thailand,2.0,2023.635,Dog,Ecologies,Waraphon Phimpraphai,CoAuthor,0.0,0.0,2023-10-15,International,0.0,0.0,No,Yes,ภาควิชาสัตวแพทยสาธารณสุขศาสตร์,50,October
2023.0,636.0,Corneal stromal abscess in a captive Asian elephant: diagnosis and treatment regimes,5.0,2023.636,Elephant,Veterinary Integrative Sciences,Supaphen Sripiboon,FirstAuthor,0.0,0.0,2023-05-20,International,4.0,0.0,No,Yes,ภาควิชาเวชศาสตร์คลินิกสัตว์ใหญ่และสัตว์ป่า,41,May
2023.0,637.0,Effectiveness of gilt acclimatization – improvement procedures in a farm with recurrent outbreaks of porcine epidemic diarrhea,2.0,2023.637,Porcine ,Veterinary World,Yonlayong Woonwong,CorrespondingAuthor,0.0,1.0,2023-08-24,International,2.0,2.11,No,Yes,ภาควิชาเวชศาสตร์และทรัพยากรการผลิตสัตว์,40,August
2023.0,638.0,ICTV Virus Taxonomy Profile: Amnoonviridae 2023,2.0,2023.638,Fish,Journal of General Virology,Win Surachetpong,CoAuthor,0.0,0.0,2023-10-24,International,2.0,2.7,Yes,Yes,ภาควิชาจุลชีววิทยาและวิทยาฯ,48,October
2023.0,639.0,"Avian influenza vaccine supply chain in Quang Ninh province, Vietnam, 2021",4.0,2023.639,Avian,Veterinary Integrative Sciences,Manakorn Sukmak,CoAuthor,0.0,0.0,2023-07-17,International,4.0,0.0,No,Yes,ภาควิชาเวชศาสตร์และทรัพยากรการผลิตสัตว์,42,July
2023.0,640.0,The Impact of Substitutions at Positions 1 and 8 of Fluoroquinolones on the Activity Against Mutant DNA Gyrases of Salmonella Typhimurium,2.0,2023.64,Bacteria,Microbial Drug Resistance,Siriporn Kongsoi,CoAuthor,0.0,0.0,2023-12-08,International,2.0,3.431,Yes,Yes,ภาควิชาสัตวแพทยสาธารณสุขศาสตร์,47,December
2023.0,641.0,Pharmacokinetics and antibacterial activity of tiamulin after single and multiple oral administrations in geese,2.0,2023.641,Geese,Veterinary and Animal Science,Amnart Poapolathep,CoAuthor,0.0,0.0,2023-10-21,International,2.0,1.82,Yes,Yes,ภาควิชาเภสัชวิทยา,54,October
2023.0,642.0,Spatiotemporal patterns of rabid dogs and cats and the opinions of personnel responsible for disease control in Thailand,2.0,2023.642,Dog Cat,Heliyon,Chaithep Poolkhet,CorrespondingAuthor,0.0,0.0,2023-10-22,International,1.0,2.85,Yes,Yes,ภาควิชาสัตวแพทยสาธารณสุขศาสตร์,51,October
2023.0,643.0,High-resolution melting analysis for simultaneous detection and discrimination between wild-type and vaccine strains of feline calicivirus,4.0,2023.643,Cat,Veterinary Quarterly,Jatuporn Rattanasrisomporn,CoAuthor,0.0,0.0,2023-10-13,International,1.0,6.4,Yes,Yes,ภาควิชาเวชศาสตร์คลินิกสัตว์เลี้ยง,52,October
2023.0,644.0,Fortification of dietary fiber in cassava pulp by conversion of the remaining starch to resistant starch,2.0,2023.644,Lab,Future Foods,Montri Pattarapanawan,CoAuthor,0.0,0.0,2023-10-30,International,1.0,5.7,No,Yes,ภาควิชากายวิภาคศาสตร์,40,October
2023.0,645.0,Disclosing the hidden nucleotide sequences: a journey into DNA barcoding of raptor species in public repositories,2.0,2023.645,Raptor,Genes and Genomics,Chaiyan Kasorndorkbua,CoAuthor,0.0,0.0,2023-10-01,International,3.0,2.1,Yes,Yes,ภาควิชาพยาธิวิทยา,56,October
2023.0,646.0,Type VI Secretion System Accessory Protein TagAB-5 Promotes Burkholderia pseudomallei Pathogenicity in Human Microglia,2.0,2023.646,Bacteria,Biomedicines,Taksaon Duangurai,CoAuthor,0.0,0.0,2023-10-30,International,1.0,4.7,Yes,Yes,ภาควิชาเวชศาสตร์คลินิกสัตว์เลี้ยง,43,October
2023.0,647.0,Human BST2 inhibits rabies virus release independently of cysteine-linked dimerization and asparagine-linked glycosylation,2.0,2023.647,Dog,PLoS ONE,Porntippa Lekcharoensuk,CoAuthor,0.0,0.0,2023-11-03,International,1.0,3.24,Yes,Yes,ภาควิชาจุลชีววิทยาและวิทยาฯ,61,November
2023.0,648.0,Antimicrobial Resistance in Poultry Farming: A Look Back at Environmental Escherichia coli Isolated from Poultry Farms during the Growing and Resting Periods,2.0,2023.648,Poultry,Veterinary Medicine International,Sukanya Thongratsakul,FirstAuthor&CorrespondingAuthor,0.0,0.0,2023-11-28,International,1.0,2.6,No,Yes,ภาควิชาสัตวแพทยสาธารณสุขศาสตร์,49,November
2023.0,649.0,Uncovering nutrients and energy related gene functions of black soldier fly Hermetia illucens strain KUP,2.0,2023.649,Black soldier fly,Gene,Attawit Kovitvadhi,CorrespondingAuthor,0.0,1.0,2023-11-28,International,2.0,3.5,Yes,Yes,ภาควิชาสรีรวิทยา,37,November
2023.0,650.0,Long-term immunity induced by SPBN GASGAS in orally vaccinated dogs is non-inferior to inactivated rabies vaccines,4.0,2023.65,Dog,Vaccine: X,Suwicha Kasemsuwan,CorrespondingAuthor,0.0,0.0,2023-11-16,International,1.0,3.8,Yes,Yes,ภาควิชาสัตวแพทยสาธารณสุขศาสตร์,61,November
2023.0,651.0,Radiotherapy in combination with exenteration and partial orbitectomy for orbital multilobular tumor of bone in a Cocker Spaniel,5.0,2023.651,Dog,Open Veterinary Journal,Aree Thayananuphat,CorrespondingAuthor,0.0,0.0,2023-11-30,International,2.0,1.46,Yes,Yes,ภาควิชาเวชศาสตร์คลินิกสัตว์เลี้ยง,Retire,November
2023.0,652.0,First study on repeatable culture of primordial germ cells from various embryonic regions with giant feeder cells in Japanese quail (Coturnix japonica),1.0,2023.652,Cell,Theriogenology,Kannika Siripattarapravat,CorrespondingAuthor,0.0,0.0,2023-09-24,International,1.0,2.7,Yes,Yes,ภาควิชาพยาธิวิทยา,48,September
2023.0,653.0,First report of natural Cyprinid herpesvirus-2 infection associated with fatal outbreaks of goldfish (Carassius auratus) farms in Thailand,2.0,2023.653,Fish,Aquaculture,Win Surachetpong,CoAuthor,0.0,0.0,2023-12-11,International,1.0,4.242,Yes,Yes,ภาควิชาจุลชีววิทยาและวิทยาฯ,48,December
2023.0,654.0,Double Cholecystectomy of Duplex Gallbladder Associated with Chronic Cholecystitis in a Cat,5.0,2023.654,Cat,Veterinary Medicine and Science,Sathidpak Assawarachan,CorrespondingAuthor,0.0,0.0,2023-12-20,International,2.0,1.95,Yes,No,ภาควิชาเวชศาสตร์คลินิกสัตว์เลี้ยง,42,December
2024.0,655.0,The effects of anesthetic drug choice on heart rate variability and echocardiography parameters in cats,5.0,2024.655,Cat,Scientific Reports,Soontaree Petchdee,CorrespondingAuthor,0.0,0.0,2024-01-03,International,1.0,4.379,Yes,Yes,ภาควิชาเวชศาสตร์คลินิกสัตว์ใหญ่และสัตว์ป่า,51,January
2023.0,656.0,A Flow Cytometry Study of the Binding and Stimulation Potentialof Inactivated Trypanosoma evansi toward DromedaryCamel Leukocytes,2.0,2023.656,Camel,pathogens,Ketsarin Kamyingkird,CoAuthor,0.0,0.0,2023-12-25,International,2.0,3.405,Yes,Yes,ภาควิชาปรสิตวิทยา,42,December
2024.0,657.0,Detection of feline immunodeficiency virus by neutral red-based loop-mediated isothermal amplification assay,2.0,2024.657,Cat,Veterinary World,Jatuporn Rattanasrisomporn,CorrespondingAuthor,0.0,1.0,2024-01-08,International,2.0,2.11,No,Yes,ภาควิชาเวชศาสตร์คลินิกสัตว์เลี้ยง,52,January
2024.0,658.0,A protocol and a data-based prediction to investigate virus spillover at the wildlife interface in human-dominated and protected habitats in Thailand: The Spillover Interface project,2.0,2024.658,Wildlife,PLoS ONE,Chuanphot Thinphovong,FirstAuthor&CorrespondingAuthor,0.0,0.0,2024-01-02,International,1.0,3.24,Yes,Yes,,,January
2024.0,659.0,Isolation of bacteriophages specific to bovine mastitis-causing bacteria and characterization of their lytic activity in pasteurized milk,2.0,2024.659,Bovine,Veterinary World,Pipat Arunvipas,CoAuthor,0.0,0.0,2024-01-25,International,2.0,2.11,No,Yes,ภาควิชาเวชศาสตร์คลินิกสัตว์ใหญ่และสัตว์ป่า,59,January
2024.0,660.0,Strategic palmar trimming before conventional shoeing shows potential for managing underrun heels in horses,5.0,2024.66,Turtle,Veterinary World,Theerapol Sirinarumitr,CorrespondingAuthor,0.0,0.0,2024-01-04,International,2.0,2.11,No,Yes,ภาควิชาพยาธิวิทยา,63,January
2024.0,661.0,Listeria Contamination in Milk-Processing Chain and Proficiency in Listeria monocytogenes Decontamination of Small-Scale Milk Retailers,2.0,2024.661,Bovine,Journal of Food Quality,Suppada Kananub,FirstAuthor&CorrespondingAuthor,0.0,0.0,2024-01-25,International,2.0,3.3,Yes,Yes,ภาควิชาสัตวแพทยสาธารณสุขศาสตร์,41,January
2024.0,662.0,"Toxoplasma gondii contamination in fresh vegetables destined for human and livestock consumption in Thua Thien Hue, Vietnam",2.0,2024.662,Human,Veterinary Integrative Sciences,Tawin Inpankaew,CoAuthor,0.0,0.0,2024-01-12,International,4.0,0.0,No,Yes,ภาควิชาปรสิตวิทยา,47,January
2023.0,663.0,"Assessment of Nutrients in Natural Saltlicks, Artificial Saltlicks, and General Soils Used by Wild Asian Elephants (Elephas maximus) in the Western Forests of Thailand",2.0,2023.663,Elephant,Resources,Nikorn Thongthip,CoAuthor,0.0,0.0,2023-12-29,International,1.0,3.3,No,Yes,ภาควิชาเวชศาสตร์คลินิกสัตว์ใหญ่และสัตว์ป่า,53,December
2024.0,664.0,Species Differences and Tissue Distribution of Heavy Metal Residues in Wild Birds,2.0,2024.664,Bird,Animals,Kraisiri Khidkhan,CorrespondingAuthor,0.0,0.0,2024-01-28,International,1.0,2.752,Yes,Yes,ภาควิชาเภสัชวิทยา,38,January
2024.0,665.0,"Occurrence and potential health risk of aflatoxin M1 in raw, pasteurized, and uht milk in Thailand",2.0,2024.665,Bovine,World mycotoxin journal,Saranya Poapolathep,FirstAuthor,0.0,0.0,2024-01-29,International,2.0,2.0,No,Yes,ภาควิชาเภสัชวิทยา,48,January
2024.0,666.0,Development of in-house ELISA based on recombinant gag proteins of small ruminant lentiviruses isolated from goats in Thailand,2.0,2024.666,Goat,Scientific Reports,Theera Rukkwamsuk,FirstAuthor,0.0,0.0,2024-02-13,International,1.0,4.379,Yes,Yes,ภาควิชาเวชศาสตร์คลินิกสัตว์ใหญ่และสัตว์ป่า,59,February
2024.0,667.0,"A New Benzo[6,7]oxepino[3,2-b] Pyridine Derivative Induces Apoptosis in Canine Mammary Cancer Cell Lines",5.0,2024.667,Dog,Animals,Usuma Jermnak,CorrespondingAuthor,0.0,0.0,2024-01-25,International,1.0,2.752,Yes,Yes,ภาควิชาเภสัชวิทยา,46,January
2024.0,668.0,Comparative study of ventilation techniques with supraglottic airway devices in cats: volume-controlled vs pressure-controlled techniques,5.0,2024.668,Cat,Journal of Feline Medicine and Surgery,Naris Thengchaisri,CorrespondingAuthor,0.0,0.0,2024-01-31,International,1.0,1.9,No,Yes,ภาควิชาเวชศาสตร์คลินิกสัตว์เลี้ยง,52,January
2024.0,669.0,Detecting microbial communities and pathogens in gastrointestinal tracts of commercial broilers in Thailand using high-throughput sequencing technology with different bioinformatic pipelines,2.0,2024.669,Chicken : broilers,Asia-Pacific Journal of Science and Technology,Nuananong Sinwat,CoAuthor,0.0,0.0,2024-01-31,International,4.0,0.0,No,Yes,ภาควิชาเวชศาสตร์และทรัพยากรการผลิตสัตว์,45,January
2024.0,670.0,"Exogenous Trehalose Improves Growth, Glycogen and Poly-3-Hydroxybutyrate (PHB) Contents in Photoautotrophically Grown Arthrospira platensis under Nitrogen Deprivation",2.0,2024.67,Cell,Biology,Wuttinun Raksajit,CorrespondingAuthor,0.0,0.0,2024-02-18,International,1.0,5.168,Yes,Yes,,,February
2024.0,671.0,Seroprevalence of Anti-SARS-CoV-2 Antibodies in Cats during Five Waves of COVID-19 Epidemic in Thailand and Correlation with Human Outbreaks,2.0,2024.671,Cat,Animals,Rungrueang Yodsheewan,CorrespondingAuthor,0.0,1.0,2024-02-29,International,1.0,2.752,Yes,Yes,ภาควิชาพยาธิวิทยา,42,February
2024.0,672.0,Impact of different cooling solutions on autonomic modulation in horses in a novice endurance ride,5.0,2024.672,Horse,Animal,Metha Chanda,CorrespondingAuthor,0.0,0.0,2024-02-13,International,1.0,3.7,Yes,Yes,ภาควิชาเวชศาสตร์คลินิกสัตว์ใหญ่และสัตว์ป่า,47,February
2024.0,673.0,Genetic structure and diversity of green turtle (Chelonia mydas) in the Gulf of Thailand,2.0,2024.673,Turtle,Veterinary World,Theerapol Sirinarumitr,CorrespondingAuthor,0.0,0.0,2024-01-04,International,2.0,2.11,No,Yes,ภาควิชาพยาธิวิทยา,63,January
2024.0,674.0,Physicochemical properties and fatty acid profile of oil extracted from black soldier fly larvae (Hermetia illucens),2.0,2024.674,Black soldier fly,Veterinary World,Attawit Kovitvadhi,CoAuthor,0.0,0.0,2024-03-05,International,2.0,2.11,No,Yes,ภาควิชาสรีรวิทยา,37,March
2024.0,675.0,Scrotal hernia with irreducible small intestine in an intact ferret (Mustela putorius furo),5.0,2024.675,Exotic,Journal of Exotic Pet Medicine,Nithida Boonwittaya,FirstAuthor&CorrespondingAuthor,0.0,0.0,2024-01-28,International,3.0,0.5,Yes,Yes,โรงพยาบาลสัตว์ มก. บางเขน,39,January
2024.0,676.0,Detection of Booroola Polymorphism of Bone Morphogenetic Protein Receptor 1b and Embrapa Polymorphism of Growth Differentiation Factor 9 in Sheep in Thailand,2.0,2024.676,Sheep,Animals,Theera Rukkwamsuk,CorrespondingAuthor,0.0,0.0,2024-03-05,International,1.0,2.752,Yes,Yes,ภาควิชาเวชศาสตร์คลินิกสัตว์ใหญ่และสัตว์ป่า,59,March
2024.0,677.0,"Diagnosis, isolation and description of a novel amnoonvirus recovered from diseased fancy guppies, Poecilia reticulata",5.0,2024.677,Fish,Journal of Fish Diseases,Win Surachetpong,CoAuthor,0.0,0.0,2024-03-05,International,1.0,2.63,Yes,Yes,ภาควิชาจุลชีววิทยาและวิทยาฯ,48,March
2024.0,678.0,Tilapia lake virus infection disrupts the gut microbiota of red hybrid tilapia (Oreochromis spp.),2.0,2024.678,Fish,Aquaculture,Win Surachetpong,CorrespondingAuthor,0.0,0.0,2024-02-29,International,1.0,4.242,Yes,Yes,ภาควิชาจุลชีววิทยาและวิทยาฯ,48,February
2023.0,679.0,Application of preputial tube-flap urethroplasty to establish a neourethra in a male dog with complications after preputial urethrostomy,5.0,2023.679,Dog,Journal of Small Animal Practice,Wanchart Yippaditr,CorrespondingAuthor,0.0,0.0,2023-12-05,International,2.0,1.6,Yes,Yes,โรงพยาบาลสัตว์ มก. หัวหิน,47,December
2024.0,680.0,"Editorial: Treatment of tick-borne diseases: current status, challenges, and global perspectives",2.0,2024.68,Parasite,Frontiers in Pharmacology,Ketsarin Kamyingkird,FirstAuthor,0.0,0.0,2024-03-12,International,1.0,5.6,Yes,Yes,ภาควิชาปรสิตวิทยา,42,March
2024.0,681.0,Pins Gene Table v2.0: An Online Genome Database of 37 Pythium insidiosum Strains for Gene Content Exploration and Phylogenomic Analysis,2.0,2024.681,Lab,Journal of Fungi,Chompoonek Yurayart,FirstAuthor,0.0,1.0,2024-01-29,International,1.0,5.816,Yes,Yes,,,January
2024.0,682.0,Serological detection of Rickettsia spp. and evaluation of blood parameters in pet dogs and cats from Bangkok and neighboring provinces,2.0,2024.682,"Cat,Dog",PLoS ONE,Sarawan Kaewmongkol,CorrespondingAuthor,0.0,0.0,2024-03-07,International,1.0,3.24,Yes,Yes,,,March
2024.0,683.0,Pharmacokinetic evaluation of oral deracoxib in geese (Anser anser domesticus),2.0,2024.683,Geese,Journal of Veterinary Pharmacology and Therapeutics,Amnart Poapolathep,FirstAuthor,0.0,0.0,2024-02-29,International,2.0,1.786,Yes,Yes,ภาควิชาเภสัชวิทยา,54,February
2024.0,684.0,Development and Evaluation of Recombinant NS3 Protein-based ELISA for the Detection of Bovine Viral Diarrhea Virus (BVDV) Antibodies,2.0,2024.684,Bovine,Indian Journal of Animal Research,Nantawan Yatbantoong,CorrespondingAuthor,0.0,0.0,2024-01-01,International,2.0,0.48,Yes,Yes,ภาควิชาเวชศาสตร์คลินิกสัตว์ใหญ่และสัตว์ป่า,50,January
2024.0,685.0,Extracts on Phagocytic Activity of Blood Polymorphonuclear Leukocytes and Muscular Lipid Peroxidation in Rabbits,2.0,2024.685,Rabbit,Animals,Theera Rukkwamsuk,CorrespondingAuthor,0.0,0.0,2024-03-20,International,1.0,2.752,Yes,Yes,ภาควิชาเวชศาสตร์คลินิกสัตว์ใหญ่และสัตว์ป่า,59,March
2024.0,686.0,Disposition kinetics of meloxicam in green sea turtles (Chelonia mydas) after intravenous and intramuscular administrations,2.0,2024.686,Turtles,Journal of Veterinary Pharmacology and Therapeutics,Saranya Poapolathep,CorrespondingAuthor,0.0,0.0,2024-09-16,International,2.0,1.786,Yes,Yes,ภาควิชาเภสัชวิทยา,48,September
2024.0,687.0,ผลของการเสริมยีสต์ออโตไลเซทในอาหารต่อการเติบโตและระบบภูมิคุ้มกันภายใต้สภาวะความเครียดภายหลังการเหนี่ยวนา ด้วยโรควิบริโอในกุ้งขาวแวนนาไม (Litopenaeus vannamei),4.0,2024.687,Shrimp,วารสารเกษตร,Supawit Triwutanon,CoAuthor,0.0,0.0,2024-01-31,National,0.0,0.0,No,No,ภาควิชาเวชศาสตร์คลินิกสัตว์ใหญ่และสัตว์ป่า,,January
2024.0,688.0,ผลของการเสริมกรดแกมมาแอมิโนบิวทีริกในอาหารต่อความเครียดจากการขนส่งและการเติบโตของกุ้งขาวแวนนาไม (Litopenaeus vannamei),4.0,2024.688,Shrimp,วารสารเกษตร,Supawit Triwutanon,CoAuthor,0.0,0.0,2024-02-01,National,0.0,0.0,No,No,ภาควิชาเวชศาสตร์คลินิกสัตว์ใหญ่และสัตว์ป่า,,February
2024.0,689.0,Effects of Butterfly Pea Extracts on Phagocytic Activity of Blood Polymorphonuclear Leukocytes and Muscular Lipid Peroxidation in Rabbits,4.0,2024.689,Rabbit,Animals,Theera Rukkwamsuk,CorrespondingAuthor,0.0,0.0,2024-03-20,International,1.0,2.752,Yes,Yes,ภาควิชาเวชศาสตร์คลินิกสัตว์ใหญ่และสัตว์ป่า,59,March
2024.0,690.0,"Determining the hierarchical order by which intestinal tract, administered diet, and individual relay can shape the gut microbiome of fattening quails",2.0,2024.69,Bird,PLoS ONE,Attawit Kovitvadhi,CoAuthor,0.0,0.0,2024-03-21,International,1.0,3.24,Yes,Yes,ภาควิชาสรีรวิทยา,37,March
2024.0,691.0,The Expression Levels of CD20 as A Prognostic Value in Feline B-Cell Nasal Lymphoma: A Pilot Study,5.0,2024.691,Cat,Animals,Tassanee Jaroensong,CorrespondingAuthor,0.0,0.0,2024-03-29,International,1.0,2.752,Yes,Yes,ภาควิชาเวชศาสตร์คลินิกสัตว์เลี้ยง,47,March
2024.0,692.0,"Feline infectious peritonitis: A comprehensive evaluation of clinical manifestations,laboratory diagnosis, and therapeutic approaches",5.0,2024.692,Cat,Journal of Advanced Veterinary and Animal Research,Wassamon Moyadee,FirstAuthor,0.0,1.0,2024-03-12,International,3.0,1.35,Yes,Yes,,,March
2024.0,693.0,Knowns and unknowns of TiLV-associated neuronal disease,2.0,2024.693,Fish,Virulence,Win Surachetpong,CoAuthor,0.0,0.0,2024-03-31,International,1.0,5.2,Yes,Yes,ภาควิชาจุลชีววิทยาและวิทยาฯ,48,March
2024.0,694.0,Pharmacokinetic characteristics of florfenicol in green sea turtles (Chelonia mydas) and hawksbill sea turtles (Eretmochelys imbricata) after intramuscular administration,2.0,2024.694,Turtle,Journal of Veterinary Pharmacology and Therapeutics,Saranya Poapolathep,CorrespondingAuthor,0.0,0.0,2024-03-22,International,2.0,1.786,Yes,Yes,ภาควิชาเภสัชวิทยา,48,March
2024.0,695.0,Rivaroxaban versus enoxaparin plus clopidogrel therapy for hypertrophic cardiomyopathy-associated thromboembolism in cats,5.0,2024.695,Cat,Veterinary World,Soontaree Petchdee,CorrespondingAuthor,0.0,1.0,2024-04-10,International,2.0,2.11,No,Yes,ภาควิชาเวชศาสตร์คลินิกสัตว์ใหญ่และสัตว์ป่า,51,April
2024.0,696.0,Comparative disposition kinetics of oral deracoxib in sheep and goats,2.0,2024.696,Goat,Journal of Veterinary Pharmacology and Therapeutics,Amnart Poapolathep,CoAuthor,0.0,0.0,2024-03-28,International,2.0,1.786,Yes,Yes,ภาควิชาเภสัชวิทยา,54,March
2024.0,697.0,Short-term outcomes of cranial cruciate ligament rupture treated surgically with tibial plateau leveling osteotomy or non-surgically in small-breed dogs weighing less than10 kg,5.0,2024.697,Dog,Journal of Veterinary Medical Science,Irin Kwananocha,FirstAuthor,0.0,0.0,2024-02-12,International,2.0,1.23,Yes,Yes,,,February
2024.0,698.0,Buccal mucosal graft urethroplasty in five male dogs with penile urethral stricture at the bulbus glandis,5.0,2024.698,Dog,Veterinary Surgery,Wanchart Yippaditr,CorrespondingAuthor,0.0,0.0,2024-04-01,International,1.0,1.8,No,Yes,โรงพยาบาลสัตว์ มก. หัวหิน,47,April
2024.0,699.0,Ancylostoma ceylanicum and other zoonotic canine hookworms: neglected public and animal health risks in the Asia–Pacific region,2.0,2024.699,Dog,Animal Diseases,Tawin Inpankaew,CoAuthor,0.0,1.0,2024-04-10,International,1.0,0.0,No,Yes,ภาควิชาปรสิตวิทยา,47,April
2024.0,700.0,"Field and laboratory investigation of highly pathogenic avian influenza H5N6 and H5N8 in Quang Ninh province, Vietnam, 2020 to 2021",2.0,2024.7,Bird,Journal of veterinary science,Suwicha Kasemsuwan,CoAuthor,0.0,0.0,2024-01-18,International,2.0,1.672,Yes,Yes,ภาควิชาสัตวแพทยสาธารณสุขศาสตร์,61,January
2024.0,701.0,"Correlation of Meat pH and Muscle Fiber Characteristics, Cortisol Level, and Tenascin C Gene Expression in Pigs",2.0,2024.701,Pig,Tropical Animal Science Journal,Jatuporn Rattanasrisomporn,CoAuthor,0.0,0.0,2024-03-06,International,3.0,0.27,No,Yes,ภาควิชาเวชศาสตร์คลินิกสัตว์เลี้ยง,52,March
2024.0,702.0,Mitogenome-based genetic management of captive Great Hornbill in Thailand: Implications for reintroduction,2.0,2024.702,Bird,Global Ecology and Conservation,Manakorn Sukmak,CoAuthor,0.0,0.0,2024-04-03,International,1.0,4.0,Yes,Yes,ภาควิชาเวชศาสตร์และทรัพยากรการผลิตสัตว์,42,April
